SKU,ds,P10,P30,P50,P70,P90
ACC_CABLE_001,2026-08-29,398,436,462,488,526
ACC_CABLE_001,2026-08-30,372,425,462,499,552
ACC_CABLE_001,2026-08-31,166,232,277,321,387
ACC_CABLE_001,2026-09-01,156,231,283,335,411
ACC_CABLE_001,2026-09-02,138,223,281,338,423
ACC_CABLE_001,2026-09-03,122,215,278,342,434
ACC_CABLE_001,2026-09-04,110,210,278,347,447
ACC_CABLE_001,2026-09-05,282,389,462,535,642
ACC_CABLE_001,2026-09-06,271,384,462,540,653
ACC_CABLE_001,2026-09-07,81,200,282,364,484
ACC_CABLE_001,2026-09-08,70,195,281,367,492
ACC_CABLE_001,2026-09-09,58,189,279,368,499
ACC_CABLE_001,2026-09-10,45,182,275,368,505
ACC_CABLE_001,2026-09-11,44,185,282,379,520
ACC_CABLE_002,2026-08-29,368,403,427,452,487
ACC_CABLE_002,2026-08-30,343,393,427,462,511
ACC_CABLE_002,2026-08-31,160,221,263,305,366
ACC_CABLE_002,2026-09-01,145,216,264,313,383
ACC_CABLE_002,2026-09-02,129,208,262,316,395
ACC_CABLE_002,2026-09-03,115,202,261,320,407
ACC_CABLE_002,2026-09-04,102,196,259,323,417
ACC_CABLE_002,2026-09-05,259,359,427,496,595
ACC_CABLE_002,2026-09-06,249,355,427,500,606
ACC_CABLE_002,2026-09-07,76,188,264,341,452
ACC_CABLE_002,2026-09-08,64,181,261,341,458
ACC_CABLE_002,2026-09-09,58,180,264,348,470
ACC_CABLE_002,2026-09-10,48,175,262,349,476
ACC_CABLE_002,2026-09-11,40,172,262,353,485
ACC_CABLE_003,2026-08-29,722,789,835,881,948
ACC_CABLE_003,2026-08-30,676,770,835,900,995
ACC_CABLE_003,2026-08-31,280,396,476,555,671
ACC_CABLE_003,2026-09-01,273,406,498,590,724
ACC_CABLE_003,2026-09-02,236,386,488,591,741
ACC_CABLE_003,2026-09-03,210,374,486,599,763
ACC_CABLE_003,2026-09-04,194,371,492,614,791
ACC_CABLE_003,2026-09-05,516,706,835,965,1154
ACC_CABLE_003,2026-09-06,497,698,835,973,1173
ACC_CABLE_003,2026-09-07,134,345,490,635,847
ACC_CABLE_003,2026-09-08,121,343,495,647,869
ACC_CABLE_003,2026-09-09,96,328,487,646,878
ACC_CABLE_003,2026-09-10,76,318,483,648,890
ACC_CABLE_003,2026-09-11,65,315,487,658,909
ACC_CABLE_004,2026-08-29,345,377,399,421,453
ACC_CABLE_004,2026-08-30,323,368,399,430,475
ACC_CABLE_004,2026-08-31,133,188,226,264,319
ACC_CABLE_004,2026-09-01,127,191,235,278,342
ACC_CABLE_004,2026-09-02,111,183,231,280,352
ACC_CABLE_004,2026-09-03,98,176,230,283,362
ACC_CABLE_004,2026-09-04,93,177,235,293,377
ACC_CABLE_004,2026-09-05,247,337,399,461,551
ACC_CABLE_004,2026-09-06,238,333,399,464,560
ACC_CABLE_004,2026-09-07,67,168,237,306,407
ACC_CABLE_004,2026-09-08,58,164,236,309,414
ACC_CABLE_004,2026-09-09,46,157,232,308,419
ACC_CABLE_004,2026-09-10,38,153,232,311,426
ACC_CABLE_004,2026-09-11,28,147,229,311,430
ACC_CABLE_005,2026-08-29,666,729,772,814,877
ACC_CABLE_005,2026-08-30,622,711,772,832,921
ACC_CABLE_005,2026-08-31,278,387,461,536,644
ACC_CABLE_005,2026-09-01,245,370,456,542,667
ACC_CABLE_005,2026-09-02,221,361,457,553,693
ACC_CABLE_005,2026-09-03,197,350,456,561,714
ACC_CABLE_005,2026-09-04,202,368,482,595,761
ACC_CABLE_005,2026-09-05,473,650,772,893,1070
ACC_CABLE_005,2026-09-06,455,643,772,900,1088
ACC_CABLE_005,2026-09-07,140,338,474,610,808
ACC_CABLE_005,2026-09-08,110,318,460,602,810
ACC_CABLE_005,2026-09-09,93,310,459,608,825
ACC_CABLE_005,2026-09-10,72,298,453,607,833
ACC_CABLE_005,2026-09-11,61,296,457,617,852
ACC_CABLE_006,2026-08-29,579,634,672,710,765
ACC_CABLE_006,2026-08-30,541,619,672,725,803
ACC_CABLE_006,2026-08-31,242,337,403,468,563
ACC_CABLE_006,2026-09-01,224,334,410,485,595
ACC_CABLE_006,2026-09-02,197,320,405,489,612
ACC_CABLE_006,2026-09-03,174,309,401,493,628
ACC_CABLE_006,2026-09-04,157,303,402,502,647
ACC_CABLE_006,2026-09-05,410,566,672,778,934
ACC_CABLE_006,2026-09-06,394,559,672,785,950
ACC_CABLE_006,2026-09-07,115,289,408,527,701
ACC_CABLE_006,2026-09-08,100,282,407,532,714
ACC_CABLE_006,2026-09-09,86,277,407,538,728
ACC_CABLE_006,2026-09-10,77,275,411,546,745
ACC_CABLE_006,2026-09-11,66,271,412,553,759
ACC_CABLE_007,2026-08-29,383,420,444,469,506
ACC_CABLE_007,2026-08-30,358,409,444,480,531
ACC_CABLE_007,2026-08-31,165,228,271,314,377
ACC_CABLE_007,2026-09-01,143,216,265,315,387
ACC_CABLE_007,2026-09-02,125,206,262,317,398
ACC_CABLE_007,2026-09-03,114,202,263,324,413
ACC_CABLE_007,2026-09-04,102,198,263,329,425
ACC_CABLE_007,2026-09-05,272,374,444,515,617
ACC_CABLE_007,2026-09-06,261,370,444,519,628
ACC_CABLE_007,2026-09-07,88,202,281,359,474
ACC_CABLE_007,2026-09-08,61,181,264,346,466
ACC_CABLE_007,2026-09-09,61,187,273,358,484
ACC_CABLE_007,2026-09-10,45,176,265,355,485
ACC_CABLE_007,2026-09-11,39,175,268,360,496
ACC_CABLE_008,2026-08-29,294,322,341,360,387
ACC_CABLE_008,2026-08-30,275,314,341,368,407
ACC_CABLE_008,2026-08-31,124,172,204,237,285
ACC_CABLE_008,2026-09-01,106,161,198,236,291
ACC_CABLE_008,2026-09-02,96,158,200,242,303
ACC_CABLE_008,2026-09-03,87,155,201,247,314
ACC_CABLE_008,2026-09-04,77,150,200,249,322
ACC_CABLE_008,2026-09-05,210,288,341,394,472
ACC_CABLE_008,2026-09-06,202,284,341,397,480
ACC_CABLE_008,2026-09-07,61,148,208,268,355
ACC_CABLE_008,2026-09-08,48,140,202,265,356
ACC_CABLE_008,2026-09-09,40,136,201,266,362
ACC_CABLE_008,2026-09-10,34,134,202,270,369
ACC_CABLE_008,2026-09-11,31,134,204,275,378
ACC_CABLE_009,2026-08-29,600,656,695,734,790
ACC_CABLE_009,2026-08-30,561,640,695,750,830
ACC_CABLE_009,2026-08-31,242,340,407,474,572
ACC_CABLE_009,2026-09-01,230,343,420,498,611
ACC_CABLE_009,2026-09-02,205,331,418,504,631
ACC_CABLE_009,2026-09-03,178,316,411,506,644
ACC_CABLE_009,2026-09-04,173,322,425,527,677
ACC_CABLE_009,2026-09-05,426,586,695,805,964
ACC_CABLE_009,2026-09-06,410,579,695,811,981
ACC_CABLE_009,2026-09-07,124,303,425,547,726
ACC_CABLE_009,2026-09-08,110,297,425,554,741
ACC_CABLE_009,2026-09-09,84,280,414,548,744
ACC_CABLE_009,2026-09-10,65,269,408,548,751
ACC_CABLE_009,2026-09-11,51,262,407,552,763
ACC_CABLE_010,2026-08-29,500,547,579,612,659
ACC_CABLE_010,2026-08-30,467,534,579,625,692
ACC_CABLE_010,2026-08-31,207,289,345,400,482
ACC_CABLE_010,2026-09-01,189,283,347,412,506
ACC_CABLE_010,2026-09-02,169,275,347,419,524
ACC_CABLE_010,2026-09-03,143,258,337,416,532
ACC_CABLE_010,2026-09-04,126,250,336,421,545
ACC_CABLE_010,2026-09-05,355,488,579,671,804
ACC_CABLE_010,2026-09-06,341,483,579,676,817
ACC_CABLE_010,2026-09-07,89,237,339,441,590
ACC_CABLE_010,2026-09-08,81,238,345,451,608
ACC_CABLE_010,2026-09-09,69,232,344,455,619
ACC_CABLE_010,2026-09-10,73,243,359,475,645
ACC_CABLE_010,2026-09-11,72,248,368,489,665
ACC_CABLE_011,2026-08-29,570,624,660,697,751
ACC_CABLE_011,2026-08-30,533,609,660,712,788
ACC_CABLE_011,2026-08-31,239,332,396,459,552
ACC_CABLE_011,2026-09-01,208,316,389,462,570
ACC_CABLE_011,2026-09-02,197,317,399,481,601
ACC_CABLE_011,2026-09-03,175,306,396,486,617
ACC_CABLE_011,2026-09-04,161,303,400,498,640
ACC_CABLE_011,2026-09-05,405,557,660,764,916
ACC_CABLE_011,2026-09-06,389,550,660,771,932
ACC_CABLE_011,2026-09-07,94,263,379,496,665
ACC_CABLE_011,2026-09-08,88,266,387,509,687
ACC_CABLE_011,2026-09-09,84,270,397,524,710
ACC_CABLE_011,2026-09-10,77,270,402,535,728
ACC_CABLE_011,2026-09-11,65,266,404,541,742
ACC_CABLE_012,2026-08-29,449,491,520,550,592
ACC_CABLE_012,2026-08-30,419,479,520,562,622
ACC_CABLE_012,2026-08-31,188,261,312,362,436
ACC_CABLE_012,2026-09-01,168,253,311,370,455
ACC_CABLE_012,2026-09-02,155,250,315,380,475
ACC_CABLE_012,2026-09-03,136,240,311,382,486
ACC_CABLE_012,2026-09-04,127,240,317,394,506
ACC_CABLE_012,2026-09-05,318,438,520,603,723
ACC_CABLE_012,2026-09-06,306,433,520,608,735
ACC_CABLE_012,2026-09-07,96,231,323,415,549
ACC_CABLE_012,2026-09-08,81,222,318,415,556
ACC_CABLE_012,2026-09-09,66,214,314,415,563
ACC_CABLE_012,2026-09-10,52,205,310,415,568
ACC_CABLE_012,2026-09-11,43,202,311,420,579
ACC_CABLE_013,2026-08-29,395,432,457,482,519
ACC_CABLE_013,2026-08-30,369,421,457,493,545
ACC_CABLE_013,2026-08-31,162,226,270,313,377
ACC_CABLE_013,2026-09-01,152,226,276,327,400
ACC_CABLE_013,2026-09-02,129,211,268,324,407
ACC_CABLE_013,2026-09-03,121,211,273,335,425
ACC_CABLE_013,2026-09-04,110,207,274,341,438
ACC_CABLE_013,2026-09-05,281,386,457,528,632
ACC_CABLE_013,2026-09-06,271,381,457,533,643
ACC_CABLE_013,2026-09-07,72,188,268,348,464
ACC_CABLE_013,2026-09-08,68,190,274,357,480
ACC_CABLE_013,2026-09-09,50,177,265,352,480
ACC_CABLE_013,2026-09-10,42,175,265,356,489
ACC_CABLE_013,2026-09-11,35,172,267,361,499
ACC_CABLE_014,2026-08-29,267,292,309,326,352
ACC_CABLE_014,2026-08-30,249,285,309,334,369
ACC_CABLE_014,2026-08-31,106,150,180,210,254
ACC_CABLE_014,2026-09-01,100,151,186,220,271
ACC_CABLE_014,2026-09-02,90,147,185,224,280
ACC_CABLE_014,2026-09-03,82,144,186,228,290
ACC_CABLE_014,2026-09-04,85,152,198,244,311
ACC_CABLE_014,2026-09-05,189,260,309,358,430
ACC_CABLE_014,2026-09-06,181,257,309,361,437
ACC_CABLE_014,2026-09-07,52,132,186,241,321
ACC_CABLE_014,2026-09-08,45,128,186,243,327
ACC_CABLE_014,2026-09-09,35,122,182,242,330
ACC_CABLE_014,2026-09-10,30,121,183,246,337
ACC_CABLE_014,2026-09-11,36,131,195,260,355
ACC_CABLE_015,2026-08-29,665,727,769,812,873
ACC_CABLE_015,2026-08-30,622,709,769,829,917
ACC_CABLE_015,2026-08-31,262,370,443,516,623
ACC_CABLE_015,2026-09-01,244,367,452,536,660
ACC_CABLE_015,2026-09-02,222,360,454,549,687
ACC_CABLE_015,2026-09-03,188,339,443,547,698
ACC_CABLE_015,2026-09-04,173,337,449,561,724
ACC_CABLE_015,2026-09-05,475,650,769,889,1064
ACC_CABLE_015,2026-09-06,457,642,769,896,1082
ACC_CABLE_015,2026-09-07,120,316,449,583,779
ACC_CABLE_015,2026-09-08,117,322,462,603,808
ACC_CABLE_015,2026-09-09,90,304,450,597,811
ACC_CABLE_015,2026-09-10,78,301,453,606,829
ACC_CABLE_015,2026-09-11,69,300,459,617,848
ACC_CABLE_016,2026-08-29,412,451,477,504,542
ACC_CABLE_016,2026-08-30,385,440,477,515,569
ACC_CABLE_016,2026-08-31,162,229,275,320,387
ACC_CABLE_016,2026-09-01,156,233,286,339,416
ACC_CABLE_016,2026-09-02,140,226,286,345,431
ACC_CABLE_016,2026-09-03,125,220,285,349,444
ACC_CABLE_016,2026-09-04,118,220,290,360,462
ACC_CABLE_016,2026-09-05,293,403,477,552,661
ACC_CABLE_016,2026-09-06,282,398,477,557,673
ACC_CABLE_016,2026-09-07,82,204,287,371,493
ACC_CABLE_016,2026-09-08,67,196,283,371,499
ACC_CABLE_016,2026-09-09,57,191,283,374,508
ACC_CABLE_016,2026-09-10,48,187,283,378,517
ACC_CABLE_016,2026-09-11,35,180,279,378,522
ACC_CABLE_017,2026-08-29,282,308,326,344,371
ACC_CABLE_017,2026-08-30,263,301,326,352,389
ACC_CABLE_017,2026-08-31,111,157,188,220,265
ACC_CABLE_017,2026-09-01,106,159,195,232,285
ACC_CABLE_017,2026-09-02,94,154,194,235,294
ACC_CABLE_017,2026-09-03,87,152,196,241,306
ACC_CABLE_017,2026-09-04,78,148,196,244,314
ACC_CABLE_017,2026-09-05,200,275,326,377,452
ACC_CABLE_017,2026-09-06,192,272,326,381,460
ACC_CABLE_017,2026-09-07,54,138,195,252,336
ACC_CABLE_017,2026-09-08,45,133,193,253,341
ACC_CABLE_017,2026-09-09,39,130,193,256,348
ACC_CABLE_017,2026-09-10,35,131,196,261,357
ACC_CABLE_017,2026-09-11,33,132,200,268,367
ACC_CABLE_018,2026-08-29,704,771,816,862,929
ACC_CABLE_018,2026-08-30,657,752,816,881,975
ACC_CABLE_018,2026-08-31,289,405,484,563,678
ACC_CABLE_018,2026-09-01,267,401,492,583,717
ACC_CABLE_018,2026-09-02,241,390,492,594,743
ACC_CABLE_018,2026-09-03,220,384,496,607,771
ACC_CABLE_018,2026-09-04,206,383,503,624,800
ACC_CABLE_018,2026-09-05,499,687,816,945,1134
ACC_CABLE_018,2026-09-06,479,679,816,953,1153
ACC_CABLE_018,2026-09-07,129,340,485,629,840
ACC_CABLE_018,2026-09-08,127,348,500,651,872
ACC_CABLE_018,2026-09-09,105,336,494,652,883
ACC_CABLE_018,2026-09-10,85,326,490,655,895
ACC_CABLE_018,2026-09-11,68,317,488,659,908
ACC_CABLE_019,2026-08-29,635,695,736,777,837
ACC_CABLE_019,2026-08-30,594,678,736,794,878
ACC_CABLE_019,2026-08-31,261,365,435,506,610
ACC_CABLE_019,2026-09-01,242,361,443,525,644
ACC_CABLE_019,2026-09-02,213,346,438,529,663
ACC_CABLE_019,2026-09-03,184,331,431,531,677
ACC_CABLE_019,2026-09-04,174,332,440,549,707
ACC_CABLE_019,2026-09-05,451,620,736,852,1021
ACC_CABLE_019,2026-09-06,434,613,736,859,1038
ACC_CABLE_019,2026-09-07,125,314,444,573,762
ACC_CABLE_019,2026-09-08,105,303,439,574,772
ACC_CABLE_019,2026-09-09,98,305,447,588,795
ACC_CABLE_019,2026-09-10,79,295,442,590,805
ACC_CABLE_019,2026-09-11,60,283,436,589,813
ACC_CABLE_020,2026-08-29,623,683,724,765,824
ACC_CABLE_020,2026-08-30,582,666,724,781,866
ACC_CABLE_020,2026-08-31,264,367,438,508,612
ACC_CABLE_020,2026-09-01,238,357,439,520,639
ACC_CABLE_020,2026-09-02,214,347,438,529,662
ACC_CABLE_020,2026-09-03,184,330,430,530,676
ACC_CABLE_020,2026-09-04,167,324,432,540,698
ACC_CABLE_020,2026-09-05,440,608,724,839,1008
ACC_CABLE_020,2026-09-06,423,601,724,846,1025
ACC_CABLE_020,2026-09-07,144,333,462,591,779
ACC_CABLE_020,2026-09-08,108,306,441,576,774
ACC_CABLE_020,2026-09-09,85,291,432,573,780
ACC_CABLE_020,2026-09-10,75,290,437,584,799
ACC_CABLE_020,2026-09-11,99,322,475,627,850
ACC_CABLE_021,2026-08-29,412,451,478,504,543
ACC_CABLE_021,2026-08-30,385,440,478,515,570
ACC_CABLE_021,2026-08-31,173,240,286,332,399
ACC_CABLE_021,2026-09-01,159,236,289,342,420
ACC_CABLE_021,2026-09-02,138,224,284,343,430
ACC_CABLE_021,2026-09-03,121,216,281,346,441
ACC_CABLE_021,2026-09-04,114,217,287,358,460
ACC_CABLE_021,2026-09-05,293,402,478,553,662
ACC_CABLE_021,2026-09-06,281,398,478,557,674
ACC_CABLE_021,2026-09-07,90,213,297,381,504
ACC_CABLE_021,2026-09-08,64,193,281,369,498
ACC_CABLE_021,2026-09-09,56,191,283,375,509
ACC_CABLE_021,2026-09-10,52,192,287,383,523
ACC_CABLE_021,2026-09-11,36,182,281,380,526
ACC_CABLE_022,2026-08-29,281,308,326,344,371
ACC_CABLE_022,2026-08-30,263,300,326,352,389
ACC_CABLE_022,2026-08-31,111,157,188,220,266
ACC_CABLE_022,2026-09-01,106,158,195,231,284
ACC_CABLE_022,2026-09-02,92,151,191,232,291
ACC_CABLE_022,2026-09-03,83,148,192,237,302
ACC_CABLE_022,2026-09-04,75,145,193,241,311
ACC_CABLE_022,2026-09-05,200,275,326,377,452
ACC_CABLE_022,2026-09-06,192,272,326,380,460
ACC_CABLE_022,2026-09-07,58,142,199,257,340
ACC_CABLE_022,2026-09-08,49,137,197,257,345
ACC_CABLE_022,2026-09-09,41,133,196,259,350
ACC_CABLE_022,2026-09-10,33,128,193,259,354
ACC_CABLE_022,2026-09-11,35,134,202,270,369
ACC_CABLE_023,2026-08-29,674,738,781,824,888
ACC_CABLE_023,2026-08-30,630,720,781,842,932
ACC_CABLE_023,2026-08-31,283,392,467,542,652
ACC_CABLE_023,2026-09-01,248,374,461,548,674
ACC_CABLE_023,2026-09-02,220,361,458,555,696
ACC_CABLE_023,2026-09-03,204,359,465,571,726
ACC_CABLE_023,2026-09-04,189,356,471,586,753
ACC_CABLE_023,2026-09-05,479,659,781,904,1083
ACC_CABLE_023,2026-09-06,461,651,781,911,1101
ACC_CABLE_023,2026-09-07,124,324,461,598,798
ACC_CABLE_023,2026-09-08,108,318,462,605,815
ACC_CABLE_023,2026-09-09,94,313,463,613,833
ACC_CABLE_023,2026-09-10,84,312,468,625,853
ACC_CABLE_023,2026-09-11,75,312,474,636,873
ACC_CABLE_024,2026-08-29,661,722,764,806,867
ACC_CABLE_024,2026-08-30,619,705,764,823,910
ACC_CABLE_024,2026-08-31,257,363,436,508,614
ACC_CABLE_024,2026-09-01,241,363,447,531,653
ACC_CABLE_024,2026-09-02,215,352,446,539,676
ACC_CABLE_024,2026-09-03,190,340,443,545,695
ACC_CABLE_024,2026-09-04,178,340,450,561,723
ACC_CABLE_024,2026-09-05,473,646,764,883,1056
ACC_CABLE_024,2026-09-06,455,639,764,890,1073
ACC_CABLE_024,2026-09-07,126,320,452,585,778
ACC_CABLE_024,2026-09-08,112,315,454,593,796
ACC_CABLE_024,2026-09-09,93,304,449,594,806
ACC_CABLE_024,2026-09-10,70,290,441,592,813
ACC_CABLE_024,2026-09-11,52,281,438,594,823
ACC_CABLE_025,2026-08-29,684,747,789,832,895
ACC_CABLE_025,2026-08-30,640,729,789,850,939
ACC_CABLE_025,2026-08-31,257,366,440,514,623
ACC_CABLE_025,2026-09-01,247,372,458,544,669
ACC_CABLE_025,2026-09-02,216,356,452,548,688
ACC_CABLE_025,2026-09-03,201,355,460,565,718
ACC_CABLE_025,2026-09-04,180,346,459,573,739
ACC_CABLE_025,2026-09-05,491,668,789,911,1088
ACC_CABLE_025,2026-09-06,473,661,789,918,1106
ACC_CABLE_025,2026-09-07,107,305,441,576,775
ACC_CABLE_025,2026-09-08,104,312,454,597,805
ACC_CABLE_025,2026-09-09,93,310,459,607,824
ACC_CABLE_025,2026-09-10,80,306,460,615,841
ACC_CABLE_025,2026-09-11,62,296,457,617,852
ACC_CABLE_026,2026-08-29,308,338,358,378,407
ACC_CABLE_026,2026-08-30,288,329,358,386,428
ACC_CABLE_026,2026-08-31,131,182,216,251,302
ACC_CABLE_026,2026-09-01,118,177,217,257,316
ACC_CABLE_026,2026-09-02,104,169,214,259,325
ACC_CABLE_026,2026-09-03,95,167,216,265,337
ACC_CABLE_026,2026-09-04,87,165,218,271,349
ACC_CABLE_026,2026-09-05,218,301,358,415,498
ACC_CABLE_026,2026-09-06,209,297,358,418,506
ACC_CABLE_026,2026-09-07,64,157,220,284,377
ACC_CABLE_026,2026-09-08,52,149,216,282,380
ACC_CABLE_026,2026-09-09,46,148,217,287,388
ACC_CABLE_026,2026-09-10,33,139,212,284,390
ACC_CABLE_026,2026-09-11,43,153,228,303,413
ACC_CABLE_027,2026-08-29,446,488,516,545,586
ACC_CABLE_027,2026-08-30,418,476,516,556,615
ACC_CABLE_027,2026-08-31,178,250,299,348,420
ACC_CABLE_027,2026-09-01,168,251,308,365,447
ACC_CABLE_027,2026-09-02,148,241,304,368,461
ACC_CABLE_027,2026-09-03,127,228,298,367,469
ACC_CABLE_027,2026-09-04,121,231,306,381,491
ACC_CABLE_027,2026-09-05,319,436,516,596,714
ACC_CABLE_027,2026-09-06,307,431,516,601,726
ACC_CABLE_027,2026-09-07,82,213,303,393,524
ACC_CABLE_027,2026-09-08,67,205,299,393,530
ACC_CABLE_027,2026-09-09,60,203,301,400,543
ACC_CABLE_027,2026-09-10,44,193,296,398,547
ACC_CABLE_027,2026-09-11,49,204,310,416,571
ACC_CABLE_028,2026-08-29,327,358,379,401,432
ACC_CABLE_028,2026-08-30,305,349,379,410,454
ACC_CABLE_028,2026-08-31,135,189,226,263,317
ACC_CABLE_028,2026-09-01,127,189,232,275,337
ACC_CABLE_028,2026-09-02,113,183,231,278,348
ACC_CABLE_028,2026-09-03,102,178,230,283,359
ACC_CABLE_028,2026-09-04,98,181,237,293,376
ACC_CABLE_028,2026-09-05,231,319,379,440,528
ACC_CABLE_028,2026-09-06,222,315,379,443,537
ACC_CABLE_028,2026-09-07,60,158,226,293,392
ACC_CABLE_028,2026-09-08,56,160,230,301,405
ACC_CABLE_028,2026-09-09,48,156,230,304,412
ACC_CABLE_028,2026-09-10,39,152,229,305,418
ACC_CABLE_028,2026-09-11,45,161,241,321,437
ACC_CABLE_029,2026-08-29,668,730,773,816,879
ACC_CABLE_029,2026-08-30,624,713,773,834,923
ACC_CABLE_029,2026-08-31,271,379,454,528,637
ACC_CABLE_029,2026-09-01,246,371,457,543,669
ACC_CABLE_029,2026-09-02,223,364,460,556,696
ACC_CABLE_029,2026-09-03,197,351,456,561,715
ACC_CABLE_029,2026-09-04,199,365,479,592,758
ACC_CABLE_029,2026-09-05,474,652,773,895,1072
ACC_CABLE_029,2026-09-06,456,644,773,902,1090
ACC_CABLE_029,2026-09-07,132,330,466,602,800
ACC_CABLE_029,2026-09-08,111,319,461,603,812
ACC_CABLE_029,2026-09-09,89,306,455,603,821
ACC_CABLE_029,2026-09-10,75,301,456,611,837
ACC_CABLE_029,2026-09-11,73,308,469,629,864
ACC_CABLE_030,2026-08-29,274,299,317,334,360
ACC_CABLE_030,2026-08-30,256,292,317,342,378
ACC_CABLE_030,2026-08-31,115,159,190,220,264
ACC_CABLE_030,2026-09-01,102,153,188,223,274
ACC_CABLE_030,2026-09-02,94,151,190,229,287
ACC_CABLE_030,2026-09-03,79,142,185,228,290
ACC_CABLE_030,2026-09-04,73,140,187,233,300
ACC_CABLE_030,2026-09-05,195,267,317,366,439
ACC_CABLE_030,2026-09-06,188,264,317,369,446
ACC_CABLE_030,2026-09-07,48,129,184,239,320
ACC_CABLE_030,2026-09-08,46,131,189,247,332
ACC_CABLE_030,2026-09-09,38,127,187,248,337
ACC_CABLE_030,2026-09-10,31,123,186,249,341
ACC_CABLE_030,2026-09-11,26,121,187,252,348
ACC_CABLE_031,2026-08-29,703,768,813,857,922
ACC_CABLE_031,2026-08-30,657,749,813,876,968
ACC_CABLE_031,2026-08-31,278,391,468,545,658
ACC_CABLE_031,2026-09-01,261,392,481,570,701
ACC_CABLE_031,2026-09-02,229,375,475,574,720
ACC_CABLE_031,2026-09-03,199,359,468,577,737
ACC_CABLE_031,2026-09-04,198,370,488,606,779
ACC_CABLE_031,2026-09-05,502,686,813,939,1123
ACC_CABLE_031,2026-09-06,483,679,813,946,1142
ACC_CABLE_031,2026-09-07,131,337,479,620,826
ACC_CABLE_031,2026-09-08,114,330,478,626,842
ACC_CABLE_031,2026-09-09,93,319,473,628,853
ACC_CABLE_031,2026-09-10,80,315,476,637,872
ACC_CABLE_031,2026-09-11,60,304,471,638,882
ACC_CABLE_032,2026-08-29,386,423,448,473,509
ACC_CABLE_032,2026-08-30,361,412,448,483,535
ACC_CABLE_032,2026-08-31,160,223,267,310,373
ACC_CABLE_032,2026-09-01,146,219,269,319,392
ACC_CABLE_032,2026-09-02,135,217,272,328,410
ACC_CABLE_032,2026-09-03,115,205,266,327,417
ACC_CABLE_032,2026-09-04,114,211,277,343,440
ACC_CABLE_032,2026-09-05,274,377,448,518,622
ACC_CABLE_032,2026-09-06,263,373,448,523,632
ACC_CABLE_032,2026-09-07,71,187,266,345,460
ACC_CABLE_032,2026-09-08,65,186,269,352,473
ACC_CABLE_032,2026-09-09,56,182,269,355,482
ACC_CABLE_032,2026-09-10,44,176,266,356,488
ACC_CABLE_032,2026-09-11,41,178,272,365,502
ACC_CABLE_033,2026-08-29,438,478,505,533,572
ACC_CABLE_033,2026-08-30,410,467,505,544,600
ACC_CABLE_033,2026-08-31,175,244,291,339,408
ACC_CABLE_033,2026-09-01,152,232,286,341,421
ACC_CABLE_033,2026-09-02,136,225,286,347,436
ACC_CABLE_033,2026-09-03,116,214,281,348,445
ACC_CABLE_033,2026-09-04,116,221,293,366,471
ACC_CABLE_033,2026-09-05,315,428,505,583,695
ACC_CABLE_033,2026-09-06,304,423,505,587,707
ACC_CABLE_033,2026-09-07,83,209,296,382,508
ACC_CABLE_033,2026-09-08,67,199,290,380,513
ACC_CABLE_033,2026-09-09,57,195,289,384,522
ACC_CABLE_033,2026-09-10,43,187,286,384,528
ACC_CABLE_033,2026-09-11,29,178,280,382,532
ACC_CABLE_034,2026-08-29,375,411,435,459,495
ACC_CABLE_034,2026-08-30,350,401,435,470,520
ACC_CABLE_034,2026-08-31,159,221,263,306,367
ACC_CABLE_034,2026-09-01,141,212,261,310,381
ACC_CABLE_034,2026-09-02,126,205,260,314,394
ACC_CABLE_034,2026-09-03,114,201,261,321,408
ACC_CABLE_034,2026-09-04,101,195,260,324,418
ACC_CABLE_034,2026-09-05,265,366,435,504,605
ACC_CABLE_034,2026-09-06,255,362,435,508,615
ACC_CABLE_034,2026-09-07,89,202,279,356,469
ACC_CABLE_034,2026-09-08,65,183,264,345,463
ACC_CABLE_034,2026-09-09,56,179,263,348,471
ACC_CABLE_034,2026-09-10,46,175,262,350,479
ACC_CABLE_034,2026-09-11,34,167,258,349,482
ACC_CABLE_035,2026-08-29,275,302,320,338,364
ACC_CABLE_035,2026-08-30,256,294,320,345,383
ACC_CABLE_035,2026-08-31,116,162,194,225,271
ACC_CABLE_035,2026-09-01,109,162,199,235,288
ACC_CABLE_035,2026-09-02,98,157,198,238,298
ACC_CABLE_035,2026-09-03,88,153,197,242,307
ACC_CABLE_035,2026-09-04,84,154,202,250,321
ACC_CABLE_035,2026-09-05,193,268,320,371,446
ACC_CABLE_035,2026-09-06,186,265,320,374,454
ACC_CABLE_035,2026-09-07,61,145,202,260,344
ACC_CABLE_035,2026-09-08,50,138,198,258,346
ACC_CABLE_035,2026-09-09,40,132,195,258,350
ACC_CABLE_035,2026-09-10,34,130,196,261,357
ACC_CABLE_035,2026-09-11,33,132,200,268,367
ACC_CABLE_036,2026-08-29,282,310,328,347,374
ACC_CABLE_036,2026-08-30,264,302,328,354,392
ACC_CABLE_036,2026-08-31,126,173,205,237,284
ACC_CABLE_036,2026-09-01,108,162,199,236,290
ACC_CABLE_036,2026-09-02,100,160,202,243,303
ACC_CABLE_036,2026-09-03,86,152,197,243,309
ACC_CABLE_036,2026-09-04,84,156,205,253,325
ACC_CABLE_036,2026-09-05,199,276,328,380,457
ACC_CABLE_036,2026-09-06,191,273,328,383,465
ACC_CABLE_036,2026-09-07,55,140,199,257,343
ACC_CABLE_036,2026-09-08,48,137,199,260,350
ACC_CABLE_036,2026-09-09,42,135,199,263,357
ACC_CABLE_036,2026-09-10,34,132,198,265,363
ACC_CABLE_036,2026-09-11,35,137,206,275,376
ACC_CABLE_037,2026-08-29,586,642,679,717,772
ACC_CABLE_037,2026-08-30,548,626,679,733,810
ACC_CABLE_037,2026-08-31,245,341,406,471,567
ACC_CABLE_037,2026-09-01,221,331,407,482,592
ACC_CABLE_037,2026-09-02,199,322,406,490,614
ACC_CABLE_037,2026-09-03,175,310,402,495,630
ACC_CABLE_037,2026-09-04,170,316,415,515,661
ACC_CABLE_037,2026-09-05,417,573,679,786,942
ACC_CABLE_037,2026-09-06,401,566,679,792,958
ACC_CABLE_037,2026-09-07,111,286,405,524,698
ACC_CABLE_037,2026-09-08,98,281,406,531,713
ACC_CABLE_037,2026-09-09,83,274,404,535,726
ACC_CABLE_037,2026-09-10,67,265,401,537,736
ACC_CABLE_037,2026-09-11,49,255,396,537,744
ACC_CABLE_038,2026-08-29,523,571,604,637,684
ACC_CABLE_038,2026-08-30,490,558,604,650,718
ACC_CABLE_038,2026-08-31,216,298,355,412,494
ACC_CABLE_038,2026-09-01,180,276,341,407,502
ACC_CABLE_038,2026-09-02,168,275,348,421,528
ACC_CABLE_038,2026-09-03,146,263,343,423,541
ACC_CABLE_038,2026-09-04,127,254,340,427,554
ACC_CABLE_038,2026-09-05,376,511,604,696,832
ACC_CABLE_038,2026-09-06,362,506,604,702,845
ACC_CABLE_038,2026-09-07,92,243,346,450,601
ACC_CABLE_038,2026-09-08,84,243,351,460,618
ACC_CABLE_038,2026-09-09,64,230,343,456,622
ACC_CABLE_038,2026-09-10,55,227,345,463,635
ACC_CABLE_038,2026-09-11,41,220,342,465,644
ACC_CABLE_039,2026-08-29,706,771,816,860,926
ACC_CABLE_039,2026-08-30,661,753,816,879,971
ACC_CABLE_039,2026-08-31,277,390,467,544,657
ACC_CABLE_039,2026-09-01,244,374,463,553,683
ACC_CABLE_039,2026-09-02,227,373,472,572,718
ACC_CABLE_039,2026-09-03,195,354,463,572,732
ACC_CABLE_039,2026-09-04,209,381,499,617,789
ACC_CABLE_039,2026-09-05,506,690,816,942,1126
ACC_CABLE_039,2026-09-06,487,682,816,950,1145
ACC_CABLE_039,2026-09-07,112,318,459,600,806
ACC_CABLE_039,2026-09-08,113,329,477,625,841
ACC_CABLE_039,2026-09-09,93,319,473,627,853
ACC_CABLE_039,2026-09-10,84,318,479,640,875
ACC_CABLE_039,2026-09-11,71,314,481,648,892
ACC_CABLE_040,2026-08-29,315,346,367,388,419
ACC_CABLE_040,2026-08-30,294,337,367,397,440
ACC_CABLE_040,2026-08-31,136,190,226,262,316
ACC_CABLE_040,2026-09-01,124,185,227,269,331
ACC_CABLE_040,2026-09-02,109,178,225,272,341
ACC_CABLE_040,2026-09-03,101,176,228,279,355
ACC_CABLE_040,2026-09-04,100,182,237,293,374
ACC_CABLE_040,2026-09-05,221,308,367,427,514
ACC_CABLE_040,2026-09-06,212,304,367,430,523
ACC_CABLE_040,2026-09-07,67,165,231,298,395
ACC_CABLE_040,2026-09-08,58,159,229,299,401
ACC_CABLE_040,2026-09-09,51,158,231,304,410
ACC_CABLE_040,2026-09-10,44,155,230,306,417
ACC_CABLE_040,2026-09-11,47,162,241,320,435
FMCG_FOOD_001,2026-08-29,109,120,128,135,147
FMCG_FOOD_001,2026-08-30,101,117,128,139,154
FMCG_FOOD_001,2026-08-31,51,71,84,97,116
FMCG_FOOD_001,2026-09-01,47,69,84,100,122
FMCG_FOOD_001,2026-09-02,43,67,84,101,126
FMCG_FOOD_001,2026-09-03,39,67,85,104,131
FMCG_FOOD_001,2026-09-04,41,71,91,111,140
FMCG_FOOD_001,2026-09-05,75,106,128,149,181
FMCG_FOOD_001,2026-09-06,72,105,128,151,184
FMCG_FOOD_001,2026-09-07,24,59,83,107,143
FMCG_FOOD_001,2026-09-08,23,60,85,110,147
FMCG_FOOD_001,2026-09-09,20,58,84,111,149
FMCG_FOOD_001,2026-09-10,17,57,84,111,151
FMCG_FOOD_001,2026-09-11,16,57,86,114,156
FMCG_FOOD_002,2026-08-29,219,240,254,268,289
FMCG_FOOD_002,2026-08-30,204,234,254,274,303
FMCG_FOOD_002,2026-08-31,94,130,155,179,216
FMCG_FOOD_002,2026-09-01,82,124,152,181,222
FMCG_FOOD_002,2026-09-02,74,120,152,184,231
FMCG_FOOD_002,2026-09-03,68,119,154,189,240
FMCG_FOOD_002,2026-09-04,65,120,158,196,251
FMCG_FOOD_002,2026-09-05,155,214,254,294,353
FMCG_FOOD_002,2026-09-06,149,211,254,297,359
FMCG_FOOD_002,2026-09-07,42,108,153,198,264
FMCG_FOOD_002,2026-09-08,37,106,154,201,270
FMCG_FOOD_002,2026-09-09,32,104,153,203,275
FMCG_FOOD_002,2026-09-10,30,105,156,207,283
FMCG_FOOD_002,2026-09-11,23,101,154,208,286
FMCG_FOOD_003,2026-08-29,158,174,184,195,210
FMCG_FOOD_003,2026-08-30,147,169,184,199,221
FMCG_FOOD_003,2026-08-31,69,96,115,133,160
FMCG_FOOD_003,2026-09-01,66,97,119,140,171
FMCG_FOOD_003,2026-09-02,60,95,119,143,177
FMCG_FOOD_003,2026-09-03,52,91,117,143,181
FMCG_FOOD_003,2026-09-04,48,89,117,146,187
FMCG_FOOD_003,2026-09-05,110,154,184,214,258
FMCG_FOOD_003,2026-09-06,105,152,184,216,263
FMCG_FOOD_003,2026-09-07,34,84,117,151,200
FMCG_FOOD_003,2026-09-08,31,82,118,153,205
FMCG_FOOD_003,2026-09-09,26,80,117,154,208
FMCG_FOOD_003,2026-09-10,25,81,120,158,214
FMCG_FOOD_003,2026-09-11,21,79,119,159,218
FMCG_FOOD_004,2026-08-29,205,225,238,251,271
FMCG_FOOD_004,2026-08-30,192,219,238,257,284
FMCG_FOOD_004,2026-08-31,82,116,139,162,195
FMCG_FOOD_004,2026-09-01,77,116,142,169,207
FMCG_FOOD_004,2026-09-02,69,113,142,172,215
FMCG_FOOD_004,2026-09-03,62,110,142,175,222
FMCG_FOOD_004,2026-09-04,66,117,152,187,239
FMCG_FOOD_004,2026-09-05,146,201,238,276,330
FMCG_FOOD_004,2026-09-06,140,198,238,278,336
FMCG_FOOD_004,2026-09-07,38,99,141,183,244
FMCG_FOOD_004,2026-09-08,34,98,142,186,251
FMCG_FOOD_004,2026-09-09,30,97,143,189,256
FMCG_FOOD_004,2026-09-10,26,96,144,191,261
FMCG_FOOD_004,2026-09-11,18,91,140,190,262
FMCG_FOOD_005,2026-08-29,184,202,214,226,244
FMCG_FOOD_005,2026-08-30,172,197,214,231,256
FMCG_FOOD_005,2026-08-31,82,113,134,155,185
FMCG_FOOD_005,2026-09-01,73,108,132,157,192
FMCG_FOOD_005,2026-09-02,65,105,132,159,199
FMCG_FOOD_005,2026-09-03,58,101,131,161,204
FMCG_FOOD_005,2026-09-04,49,96,128,160,207
FMCG_FOOD_005,2026-09-05,130,180,214,248,298
FMCG_FOOD_005,2026-09-06,125,178,214,250,304
FMCG_FOOD_005,2026-09-07,37,93,131,170,226
FMCG_FOOD_005,2026-09-08,32,91,131,171,230
FMCG_FOOD_005,2026-09-09,28,89,131,173,234
FMCG_FOOD_005,2026-09-10,23,87,131,174,238
FMCG_FOOD_005,2026-09-11,24,90,136,181,247
FMCG_FOOD_006,2026-08-29,151,166,176,186,201
FMCG_FOOD_006,2026-08-30,141,162,176,190,211
FMCG_FOOD_006,2026-08-31,68,94,111,129,154
FMCG_FOOD_006,2026-09-01,63,92,113,133,162
FMCG_FOOD_006,2026-09-02,56,89,111,134,167
FMCG_FOOD_006,2026-09-03,50,87,111,136,172
FMCG_FOOD_006,2026-09-04,44,83,110,137,176
FMCG_FOOD_006,2026-09-05,106,148,176,205,246
FMCG_FOOD_006,2026-09-06,101,146,176,206,251
FMCG_FOOD_006,2026-09-07,32,78,110,142,189
FMCG_FOOD_006,2026-09-08,28,77,111,144,193
FMCG_FOOD_006,2026-09-09,25,76,111,146,197
FMCG_FOOD_006,2026-09-10,21,75,111,147,201
FMCG_FOOD_006,2026-09-11,17,72,110,148,203
FMCG_FOOD_007,2026-08-29,183,200,213,225,243
FMCG_FOOD_007,2026-08-30,170,195,213,230,255
FMCG_FOOD_007,2026-08-31,81,112,133,154,185
FMCG_FOOD_007,2026-09-01,73,109,133,158,194
FMCG_FOOD_007,2026-09-02,66,106,133,161,201
FMCG_FOOD_007,2026-09-03,59,103,133,163,206
FMCG_FOOD_007,2026-09-04,58,105,137,170,217
FMCG_FOOD_007,2026-09-05,128,178,213,247,298
FMCG_FOOD_007,2026-09-06,122,176,213,249,303
FMCG_FOOD_007,2026-09-07,38,95,134,172,229
FMCG_FOOD_007,2026-09-08,35,94,135,175,235
FMCG_FOOD_007,2026-09-09,30,92,134,176,238
FMCG_FOOD_007,2026-09-10,27,91,135,179,244
FMCG_FOOD_007,2026-09-11,25,92,138,184,251
FMCG_FOOD_008,2026-08-29,119,131,139,147,159
FMCG_FOOD_008,2026-08-30,111,128,139,151,168
FMCG_FOOD_008,2026-08-31,56,77,91,105,126
FMCG_FOOD_008,2026-09-01,51,75,91,107,131
FMCG_FOOD_008,2026-09-02,44,71,89,108,134
FMCG_FOOD_008,2026-09-03,41,71,91,111,140
FMCG_FOOD_008,2026-09-04,44,76,97,119,151
FMCG_FOOD_008,2026-09-05,82,116,139,162,196
FMCG_FOOD_008,2026-09-06,79,115,139,164,199
FMCG_FOOD_008,2026-09-07,25,63,89,115,153
FMCG_FOOD_008,2026-09-08,24,64,91,118,158
FMCG_FOOD_008,2026-09-09,21,63,91,119,161
FMCG_FOOD_008,2026-09-10,17,60,90,119,162
FMCG_FOOD_008,2026-09-11,16,61,91,122,167
FMCG_FOOD_009,2026-08-29,245,269,285,301,325
FMCG_FOOD_009,2026-08-30,229,262,285,308,342
FMCG_FOOD_009,2026-08-31,106,147,175,203,245
FMCG_FOOD_009,2026-09-01,96,144,176,209,256
FMCG_FOOD_009,2026-09-02,85,138,174,211,264
FMCG_FOOD_009,2026-09-03,76,134,174,213,272
FMCG_FOOD_009,2026-09-04,77,139,182,225,288
FMCG_FOOD_009,2026-09-05,172,239,285,331,398
FMCG_FOOD_009,2026-09-06,165,236,285,334,405
FMCG_FOOD_009,2026-09-07,57,132,183,235,310
FMCG_FOOD_009,2026-09-08,45,124,177,231,310
FMCG_FOOD_009,2026-09-09,37,119,175,232,314
FMCG_FOOD_009,2026-09-10,32,118,176,235,320
FMCG_FOOD_009,2026-09-11,29,117,178,239,328
FMCG_FOOD_010,2026-08-29,129,142,151,160,173
FMCG_FOOD_010,2026-08-30,120,139,151,164,183
FMCG_FOOD_010,2026-08-31,63,86,102,117,140
FMCG_FOOD_010,2026-09-01,55,81,99,117,143
FMCG_FOOD_010,2026-09-02,50,80,100,120,149
FMCG_FOOD_010,2026-09-03,45,77,99,121,153
FMCG_FOOD_010,2026-09-04,40,74,98,122,156
FMCG_FOOD_010,2026-09-05,89,126,151,177,214
FMCG_FOOD_010,2026-09-06,85,125,151,178,217
FMCG_FOOD_010,2026-09-07,33,74,103,131,172
FMCG_FOOD_010,2026-09-08,27,70,100,129,173
FMCG_FOOD_010,2026-09-09,24,69,100,131,177
FMCG_FOOD_010,2026-09-10,21,68,100,133,180
FMCG_FOOD_010,2026-09-11,18,67,100,134,183
FMCG_FOOD_011,2026-08-29,172,189,201,212,229
FMCG_FOOD_011,2026-08-30,161,184,201,217,241
FMCG_FOOD_011,2026-08-31,75,104,124,144,174
FMCG_FOOD_011,2026-09-01,70,104,127,150,184
FMCG_FOOD_011,2026-09-02,64,102,128,154,192
FMCG_FOOD_011,2026-09-03,57,99,127,156,197
FMCG_FOOD_011,2026-09-04,58,103,134,164,209
FMCG_FOOD_011,2026-09-05,120,168,201,234,281
FMCG_FOOD_011,2026-09-06,115,166,201,236,286
FMCG_FOOD_011,2026-09-07,35,89,125,162,215
FMCG_FOOD_011,2026-09-08,32,88,126,165,221
FMCG_FOOD_011,2026-09-09,27,86,126,166,225
FMCG_FOOD_011,2026-09-10,23,84,126,168,229
FMCG_FOOD_011,2026-09-11,26,89,132,176,239
FMCG_FOOD_012,2026-08-29,195,214,228,241,260
FMCG_FOOD_012,2026-08-30,181,209,228,246,274
FMCG_FOOD_012,2026-08-31,87,121,144,167,201
FMCG_FOOD_012,2026-09-01,82,121,148,174,213
FMCG_FOOD_012,2026-09-02,72,115,145,174,218
FMCG_FOOD_012,2026-09-03,70,117,150,182,230
FMCG_FOOD_012,2026-09-04,68,119,154,189,241
FMCG_FOOD_012,2026-09-05,135,190,228,265,320
FMCG_FOOD_012,2026-09-06,129,188,228,267,326
FMCG_FOOD_012,2026-09-07,42,104,146,188,249
FMCG_FOOD_012,2026-09-08,39,103,147,191,255
FMCG_FOOD_012,2026-09-09,33,100,146,192,259
FMCG_FOOD_012,2026-09-10,29,99,147,195,265
FMCG_FOOD_012,2026-09-11,25,97,147,197,269
FMCG_FOOD_013,2026-08-29,117,129,137,145,156
FMCG_FOOD_013,2026-08-30,109,125,137,148,164
FMCG_FOOD_013,2026-08-31,53,73,87,101,121
FMCG_FOOD_013,2026-09-01,48,71,87,103,126
FMCG_FOOD_013,2026-09-02,44,69,87,105,131
FMCG_FOOD_013,2026-09-03,39,67,86,106,134
FMCG_FOOD_013,2026-09-04,37,68,88,109,140
FMCG_FOOD_013,2026-09-05,82,114,137,159,192
FMCG_FOOD_013,2026-09-06,78,113,137,160,195
FMCG_FOOD_013,2026-09-07,27,63,88,113,150
FMCG_FOOD_013,2026-09-08,23,62,88,114,153
FMCG_FOOD_013,2026-09-09,21,61,88,116,156
FMCG_FOOD_013,2026-09-10,17,59,87,116,157
FMCG_FOOD_013,2026-09-11,14,57,86,116,159
FMCG_FOOD_014,2026-08-29,248,272,288,304,328
FMCG_FOOD_014,2026-08-30,231,265,288,311,345
FMCG_FOOD_014,2026-08-31,108,149,177,206,247
FMCG_FOOD_014,2026-09-01,98,146,178,211,258
FMCG_FOOD_014,2026-09-02,85,138,174,211,264
FMCG_FOOD_014,2026-09-03,79,137,177,217,275
FMCG_FOOD_014,2026-09-04,71,134,177,220,283
FMCG_FOOD_014,2026-09-05,175,242,288,334,401
FMCG_FOOD_014,2026-09-06,168,239,288,337,408
FMCG_FOOD_014,2026-09-07,48,124,175,227,302
FMCG_FOOD_014,2026-09-08,44,123,177,231,310
FMCG_FOOD_014,2026-09-09,38,120,177,233,315
FMCG_FOOD_014,2026-09-10,35,120,179,238,323
FMCG_FOOD_014,2026-09-11,26,115,176,237,326
FMCG_FOOD_015,2026-08-29,232,255,271,286,309
FMCG_FOOD_015,2026-08-30,216,249,271,293,325
FMCG_FOOD_015,2026-08-31,104,143,170,198,237
FMCG_FOOD_015,2026-09-01,97,143,174,205,251
FMCG_FOOD_015,2026-09-02,84,136,171,206,257
FMCG_FOOD_015,2026-09-03,75,131,170,208,264
FMCG_FOOD_015,2026-09-04,76,137,178,220,280
FMCG_FOOD_015,2026-09-05,162,226,271,315,380
FMCG_FOOD_015,2026-09-06,155,224,271,318,386
FMCG_FOOD_015,2026-09-07,55,127,177,227,299
FMCG_FOOD_015,2026-09-08,47,123,175,227,303
FMCG_FOOD_015,2026-09-09,39,119,173,227,307
FMCG_FOOD_015,2026-09-10,32,115,171,228,310
FMCG_FOOD_015,2026-09-11,27,112,171,229,315
FMCG_FOOD_016,2026-08-29,192,211,224,237,255
FMCG_FOOD_016,2026-08-30,179,206,224,242,269
FMCG_FOOD_016,2026-08-31,84,116,138,160,193
FMCG_FOOD_016,2026-09-01,78,116,141,167,204
FMCG_FOOD_016,2026-09-02,69,111,139,168,210
FMCG_FOOD_016,2026-09-03,66,112,143,175,221
FMCG_FOOD_016,2026-09-04,61,111,145,179,228
FMCG_FOOD_016,2026-09-05,135,188,224,260,313
FMCG_FOOD_016,2026-09-06,129,186,224,262,319
FMCG_FOOD_016,2026-09-07,42,101,141,182,241
FMCG_FOOD_016,2026-09-08,36,98,140,183,245
FMCG_FOOD_016,2026-09-09,30,95,139,184,248
FMCG_FOOD_016,2026-09-10,23,91,137,183,251
FMCG_FOOD_016,2026-09-11,20,90,138,186,256
FMCG_FOOD_017,2026-08-29,159,175,185,196,212
FMCG_FOOD_017,2026-08-30,148,170,185,201,223
FMCG_FOOD_017,2026-08-31,74,101,120,138,165
FMCG_FOOD_017,2026-09-01,65,97,118,139,171
FMCG_FOOD_017,2026-09-02,58,93,117,140,175
FMCG_FOOD_017,2026-09-03,51,89,115,142,180
FMCG_FOOD_017,2026-09-04,49,90,118,147,188
FMCG_FOOD_017,2026-09-05,111,155,185,216,260
FMCG_FOOD_017,2026-09-06,106,153,185,218,264
FMCG_FOOD_017,2026-09-07,35,84,118,152,201
FMCG_FOOD_017,2026-09-08,31,83,118,154,206
FMCG_FOOD_017,2026-09-09,27,81,118,155,209
FMCG_FOOD_017,2026-09-10,21,77,116,154,210
FMCG_FOOD_017,2026-09-11,21,80,120,160,218
FMCG_FOOD_018,2026-08-29,140,153,163,172,186
FMCG_FOOD_018,2026-08-30,130,149,163,176,196
FMCG_FOOD_018,2026-08-31,64,88,104,121,144
FMCG_FOOD_018,2026-09-01,57,85,104,123,150
FMCG_FOOD_018,2026-09-02,52,83,104,125,156
FMCG_FOOD_018,2026-09-03,46,80,103,126,160
FMCG_FOOD_018,2026-09-04,46,83,108,133,169
FMCG_FOOD_018,2026-09-05,97,136,163,190,229
FMCG_FOOD_018,2026-09-06,93,134,163,191,233
FMCG_FOOD_018,2026-09-07,32,76,106,136,180
FMCG_FOOD_018,2026-09-08,27,73,105,136,182
FMCG_FOOD_018,2026-09-09,24,72,105,138,186
FMCG_FOOD_018,2026-09-10,20,70,104,138,188
FMCG_FOOD_018,2026-09-11,20,72,107,143,194
FMCG_FOOD_019,2026-08-29,209,228,242,256,275
FMCG_FOOD_019,2026-08-30,195,223,242,261,289
FMCG_FOOD_019,2026-08-31,91,125,149,172,207
FMCG_FOOD_019,2026-09-01,81,120,147,174,214
FMCG_FOOD_019,2026-09-02,71,115,145,176,220
FMCG_FOOD_019,2026-09-03,65,114,147,180,229
FMCG_FOOD_019,2026-09-04,58,110,146,182,234
FMCG_FOOD_019,2026-09-05,148,204,242,280,336
FMCG_FOOD_019,2026-09-06,142,201,242,283,342
FMCG_FOOD_019,2026-09-07,37,100,143,186,248
FMCG_FOOD_019,2026-09-08,35,101,146,191,257
FMCG_FOOD_019,2026-09-09,28,97,144,191,259
FMCG_FOOD_019,2026-09-10,26,98,147,196,267
FMCG_FOOD_019,2026-09-11,27,101,152,203,277
FMCG_FOOD_020,2026-08-29,159,174,185,195,211
FMCG_FOOD_020,2026-08-30,148,170,185,200,222
FMCG_FOOD_020,2026-08-31,75,101,119,138,164
FMCG_FOOD_020,2026-09-01,63,94,115,136,167
FMCG_FOOD_020,2026-09-02,57,91,115,138,173
FMCG_FOOD_020,2026-09-03,49,87,113,139,176
FMCG_FOOD_020,2026-09-04,45,86,114,142,183
FMCG_FOOD_020,2026-09-05,112,155,185,215,258
FMCG_FOOD_020,2026-09-06,107,153,185,216,263
FMCG_FOOD_020,2026-09-07,35,84,117,150,199
FMCG_FOOD_020,2026-09-08,29,80,114,149,200
FMCG_FOOD_020,2026-09-09,25,78,114,151,204
FMCG_FOOD_020,2026-09-10,20,75,113,151,206
FMCG_FOOD_020,2026-09-11,17,75,114,154,211
FMCG_FOOD_021,2026-08-29,222,243,258,273,294
FMCG_FOOD_021,2026-08-30,207,237,258,279,309
FMCG_FOOD_021,2026-08-31,99,136,161,186,223
FMCG_FOOD_021,2026-09-01,87,129,158,187,230
FMCG_FOOD_021,2026-09-02,77,125,158,190,238
FMCG_FOOD_021,2026-09-03,67,119,155,191,243
FMCG_FOOD_021,2026-09-04,61,117,156,194,251
FMCG_FOOD_021,2026-09-05,157,217,258,299,359
FMCG_FOOD_021,2026-09-06,150,214,258,302,366
FMCG_FOOD_021,2026-09-07,48,115,161,207,275
FMCG_FOOD_021,2026-09-08,39,110,158,206,277
FMCG_FOOD_021,2026-09-09,36,109,160,210,284
FMCG_FOOD_021,2026-09-10,29,106,159,211,288
FMCG_FOOD_021,2026-09-11,23,102,157,211,291
FMCG_FOOD_022,2026-08-29,135,149,158,167,180
FMCG_FOOD_022,2026-08-30,126,145,158,170,189
FMCG_FOOD_022,2026-08-31,60,83,99,114,137
FMCG_FOOD_022,2026-09-01,56,82,101,119,145
FMCG_FOOD_022,2026-09-02,51,81,101,121,151
FMCG_FOOD_022,2026-09-03,45,77,99,122,154
FMCG_FOOD_022,2026-09-04,41,76,100,124,160
FMCG_FOOD_022,2026-09-05,94,132,158,183,221
FMCG_FOOD_022,2026-09-06,90,130,158,185,225
FMCG_FOOD_022,2026-09-07,31,73,102,131,173
FMCG_FOOD_022,2026-09-08,27,71,101,131,175
FMCG_FOOD_022,2026-09-09,22,68,99,131,177
FMCG_FOOD_022,2026-09-10,18,66,99,132,180
FMCG_FOOD_022,2026-09-11,16,65,99,133,183
FMCG_FOOD_023,2026-08-29,227,249,264,280,302
FMCG_FOOD_023,2026-08-30,212,243,264,286,317
FMCG_FOOD_023,2026-08-31,101,139,165,191,230
FMCG_FOOD_023,2026-09-01,91,135,165,196,240
FMCG_FOOD_023,2026-09-02,83,132,166,200,250
FMCG_FOOD_023,2026-09-03,73,127,165,202,256
FMCG_FOOD_023,2026-09-04,65,124,164,204,263
FMCG_FOOD_023,2026-09-05,159,222,264,307,370
FMCG_FOOD_023,2026-09-06,153,219,264,310,376
FMCG_FOOD_023,2026-09-07,49,119,167,215,285
FMCG_FOOD_023,2026-09-08,44,117,168,218,291
FMCG_FOOD_023,2026-09-09,37,114,166,219,295
FMCG_FOOD_023,2026-09-10,33,113,168,223,302
FMCG_FOOD_023,2026-09-11,28,111,168,224,307
FMCG_FOOD_024,2026-08-29,218,239,253,267,288
FMCG_FOOD_024,2026-08-30,204,233,253,273,302
FMCG_FOOD_024,2026-08-31,88,124,149,173,209
FMCG_FOOD_024,2026-09-01,85,127,155,183,225
FMCG_FOOD_024,2026-09-02,75,121,153,185,231
FMCG_FOOD_024,2026-09-03,66,117,151,186,237
FMCG_FOOD_024,2026-09-04,65,120,157,194,249
FMCG_FOOD_024,2026-09-05,155,213,253,293,352
FMCG_FOOD_024,2026-09-06,149,211,253,296,358
FMCG_FOOD_024,2026-09-07,42,107,152,197,262
FMCG_FOOD_024,2026-09-08,37,105,152,199,268
FMCG_FOOD_024,2026-09-09,31,103,152,201,273
FMCG_FOOD_024,2026-09-10,26,101,152,203,278
FMCG_FOOD_024,2026-09-11,25,102,155,208,286
FMCG_FOOD_025,2026-08-29,113,124,132,140,152
FMCG_FOOD_025,2026-08-30,105,121,132,143,160
FMCG_FOOD_025,2026-08-31,54,74,87,101,121
FMCG_FOOD_025,2026-09-01,49,72,87,103,126
FMCG_FOOD_025,2026-09-02,43,69,87,104,130
FMCG_FOOD_025,2026-09-03,40,68,87,107,135
FMCG_FOOD_025,2026-09-04,40,70,91,112,142
FMCG_FOOD_025,2026-09-05,77,110,132,154,187
FMCG_FOOD_025,2026-09-06,74,109,132,156,190
FMCG_FOOD_025,2026-09-07,25,61,86,111,148
FMCG_FOOD_025,2026-09-08,24,62,88,115,153
FMCG_FOOD_025,2026-09-09,21,61,88,116,155
FMCG_FOOD_025,2026-09-10,17,58,87,115,157
FMCG_FOOD_025,2026-09-11,22,65,95,124,167
FMCG_FOOD_026,2026-08-29,202,221,234,248,267
FMCG_FOOD_026,2026-08-30,188,216,234,253,280
FMCG_FOOD_026,2026-08-31,93,126,149,172,205
FMCG_FOOD_026,2026-09-01,76,114,141,167,206
FMCG_FOOD_026,2026-09-02,71,114,144,173,216
FMCG_FOOD_026,2026-09-03,63,110,142,175,222
FMCG_FOOD_026,2026-09-04,55,106,140,175,226
FMCG_FOOD_026,2026-09-05,143,197,234,272,326
FMCG_FOOD_026,2026-09-06,137,195,234,274,332
FMCG_FOOD_026,2026-09-07,37,98,139,181,242
FMCG_FOOD_026,2026-09-08,35,98,142,186,250
FMCG_FOOD_026,2026-09-09,30,96,142,188,255
FMCG_FOOD_026,2026-09-10,25,94,142,189,259
FMCG_FOOD_026,2026-09-11,27,99,148,198,270
FMCG_FOOD_027,2026-08-29,211,231,245,259,279
FMCG_FOOD_027,2026-08-30,197,225,245,264,293
FMCG_FOOD_027,2026-08-31,86,121,145,169,203
FMCG_FOOD_027,2026-09-01,80,121,148,176,216
FMCG_FOOD_027,2026-09-02,74,119,150,181,226
FMCG_FOOD_027,2026-09-03,65,114,148,182,231
FMCG_FOOD_027,2026-09-04,65,119,155,192,245
FMCG_FOOD_027,2026-09-05,149,206,245,284,341
FMCG_FOOD_027,2026-09-06,143,204,245,286,347
FMCG_FOOD_027,2026-09-07,41,105,149,192,256
FMCG_FOOD_027,2026-09-08,37,104,150,195,262
FMCG_FOOD_027,2026-09-09,32,102,150,197,267
FMCG_FOOD_027,2026-09-10,26,99,148,198,270
FMCG_FOOD_027,2026-09-11,24,99,151,202,277
FMCG_FOOD_028,2026-08-29,222,243,258,272,293
FMCG_FOOD_028,2026-08-30,207,237,258,278,308
FMCG_FOOD_028,2026-08-31,98,135,160,185,222
FMCG_FOOD_028,2026-09-01,86,129,158,187,229
FMCG_FOOD_028,2026-09-02,80,127,160,192,240
FMCG_FOOD_028,2026-09-03,69,121,157,192,244
FMCG_FOOD_028,2026-09-04,61,118,156,195,251
FMCG_FOOD_028,2026-09-05,157,217,258,299,359
FMCG_FOOD_028,2026-09-06,150,214,258,301,365
FMCG_FOOD_028,2026-09-07,45,112,158,204,271
FMCG_FOOD_028,2026-09-08,39,109,158,206,276
FMCG_FOOD_028,2026-09-09,36,109,160,210,284
FMCG_FOOD_028,2026-09-10,28,104,157,209,286
FMCG_FOOD_028,2026-09-11,22,101,156,210,289
FMCG_FOOD_029,2026-08-29,137,151,160,169,183
FMCG_FOOD_029,2026-08-30,128,147,160,173,192
FMCG_FOOD_029,2026-08-31,62,85,101,118,141
FMCG_FOOD_029,2026-09-01,57,84,103,122,149
FMCG_FOOD_029,2026-09-02,51,82,103,123,154
FMCG_FOOD_029,2026-09-03,47,80,103,125,159
FMCG_FOOD_029,2026-09-04,47,83,107,132,168
FMCG_FOOD_029,2026-09-05,95,134,160,186,225
FMCG_FOOD_029,2026-09-06,91,132,160,188,229
FMCG_FOOD_029,2026-09-07,30,73,103,132,175
FMCG_FOOD_029,2026-09-08,27,72,103,134,179
FMCG_FOOD_029,2026-09-09,23,70,103,135,182
FMCG_FOOD_029,2026-09-10,20,69,102,136,185
FMCG_FOOD_029,2026-09-11,17,68,102,137,188
FMCG_FOOD_030,2026-08-29,239,262,277,292,314
FMCG_FOOD_030,2026-08-30,224,255,277,298,330
FMCG_FOOD_030,2026-08-31,93,131,157,184,222
FMCG_FOOD_030,2026-09-01,89,133,164,194,239
FMCG_FOOD_030,2026-09-02,78,128,162,196,245
FMCG_FOOD_030,2026-09-03,69,123,161,198,252
FMCG_FOOD_030,2026-09-04,60,118,159,199,257
FMCG_FOOD_030,2026-09-05,171,234,277,320,383
FMCG_FOOD_030,2026-09-06,165,231,277,322,389
FMCG_FOOD_030,2026-09-07,49,119,167,215,285
FMCG_FOOD_030,2026-09-08,37,110,161,211,285
FMCG_FOOD_030,2026-09-09,33,110,163,215,292
FMCG_FOOD_030,2026-09-10,23,103,158,213,293
FMCG_FOOD_030,2026-09-11,28,111,168,225,308
TECH_PHONE_001,2026-08-29,73,81,86,91,99
TECH_PHONE_001,2026-08-30,68,78,86,93,104
TECH_PHONE_001,2026-08-31,36,49,59,68,81
TECH_PHONE_001,2026-09-01,34,49,60,70,86
TECH_PHONE_001,2026-09-02,31,48,59,71,88
TECH_PHONE_001,2026-09-03,28,47,60,73,91
TECH_PHONE_001,2026-09-04,26,46,60,74,94
TECH_PHONE_001,2026-09-05,49,71,86,101,122
TECH_PHONE_001,2026-09-06,47,70,86,102,125
TECH_PHONE_001,2026-09-07,19,43,60,77,101
TECH_PHONE_001,2026-09-08,17,42,60,77,103
TECH_PHONE_001,2026-09-09,15,41,60,78,104
TECH_PHONE_001,2026-09-10,14,42,60,79,107
TECH_PHONE_001,2026-09-11,14,42,62,82,110
TECH_PHONE_002,2026-08-29,67,74,79,84,91
TECH_PHONE_002,2026-08-30,62,72,79,86,96
TECH_PHONE_002,2026-08-31,33,46,54,62,74
TECH_PHONE_002,2026-09-01,31,45,55,65,79
TECH_PHONE_002,2026-09-02,28,44,55,66,81
TECH_PHONE_002,2026-09-03,25,43,55,66,84
TECH_PHONE_002,2026-09-04,25,43,56,69,88
TECH_PHONE_002,2026-09-05,46,66,79,93,113
TECH_PHONE_002,2026-09-06,44,65,79,94,115
TECH_PHONE_002,2026-09-07,17,39,54,70,92
TECH_PHONE_002,2026-09-08,16,39,55,71,94
TECH_PHONE_002,2026-09-09,13,38,54,71,95
TECH_PHONE_002,2026-09-10,11,37,54,72,97
TECH_PHONE_002,2026-09-11,13,39,57,75,102
TECH_PHONE_003,2026-08-29,98,108,115,122,132
TECH_PHONE_003,2026-08-30,91,105,115,124,139
TECH_PHONE_003,2026-08-31,48,65,77,88,106
TECH_PHONE_003,2026-09-01,43,63,76,90,110
TECH_PHONE_003,2026-09-02,38,61,76,91,113
TECH_PHONE_003,2026-09-03,34,59,75,92,116
TECH_PHONE_003,2026-09-04,31,57,75,93,120
TECH_PHONE_003,2026-09-05,68,96,115,134,162
TECH_PHONE_003,2026-09-06,65,94,115,135,165
TECH_PHONE_003,2026-09-07,24,55,77,98,130
TECH_PHONE_003,2026-09-08,21,54,76,99,132
TECH_PHONE_003,2026-09-09,19,53,77,100,135
TECH_PHONE_003,2026-09-10,15,51,75,100,136
TECH_PHONE_003,2026-09-11,13,50,76,101,138
TECH_PHONE_004,2026-08-29,82,91,97,103,111
TECH_PHONE_004,2026-08-30,76,88,97,105,117
TECH_PHONE_004,2026-08-31,40,55,66,76,91
TECH_PHONE_004,2026-09-01,38,55,67,78,96
TECH_PHONE_004,2026-09-02,35,54,67,80,99
TECH_PHONE_004,2026-09-03,31,52,67,81,102
TECH_PHONE_004,2026-09-04,30,53,69,84,107
TECH_PHONE_004,2026-09-05,56,80,97,113,138
TECH_PHONE_004,2026-09-06,53,79,97,114,140
TECH_PHONE_004,2026-09-07,21,49,67,86,113
TECH_PHONE_004,2026-09-08,19,47,67,86,115
TECH_PHONE_004,2026-09-09,17,47,67,87,117
TECH_PHONE_004,2026-09-10,14,45,66,87,118
TECH_PHONE_004,2026-09-11,13,45,67,89,121
TECH_PHONE_005,2026-08-29,101,111,118,125,135
TECH_PHONE_005,2026-08-30,93,108,118,128,143
TECH_PHONE_005,2026-08-31,51,69,81,93,111
TECH_PHONE_005,2026-09-01,44,65,79,93,113
TECH_PHONE_005,2026-09-02,39,62,78,94,117
TECH_PHONE_005,2026-09-03,37,62,79,96,122
TECH_PHONE_005,2026-09-04,35,62,81,99,127
TECH_PHONE_005,2026-09-05,69,98,118,138,167
TECH_PHONE_005,2026-09-06,66,97,118,139,170
TECH_PHONE_005,2026-09-07,23,55,78,100,133
TECH_PHONE_005,2026-09-08,22,56,79,103,137
TECH_PHONE_005,2026-09-09,19,55,80,104,140
TECH_PHONE_005,2026-09-10,16,53,79,104,141
TECH_PHONE_005,2026-09-11,16,55,81,108,146
TECH_PHONE_006,2026-08-29,111,122,130,137,148
TECH_PHONE_006,2026-08-30,103,119,130,140,156
TECH_PHONE_006,2026-08-31,50,69,82,95,115
TECH_PHONE_006,2026-09-01,46,69,84,99,121
TECH_PHONE_006,2026-09-02,43,68,85,102,127
TECH_PHONE_006,2026-09-03,39,66,85,103,130
TECH_PHONE_006,2026-09-04,36,65,85,105,135
TECH_PHONE_006,2026-09-05,77,108,130,151,182
TECH_PHONE_006,2026-09-06,73,107,130,152,186
TECH_PHONE_006,2026-09-07,28,63,87,111,146
TECH_PHONE_006,2026-09-08,23,60,85,110,147
TECH_PHONE_006,2026-09-09,20,58,85,111,149
TECH_PHONE_006,2026-09-10,17,57,85,112,152
TECH_PHONE_006,2026-09-11,15,57,85,114,155
TECH_PHONE_007,2026-08-29,130,143,151,160,173
TECH_PHONE_007,2026-08-30,121,139,151,164,182
TECH_PHONE_007,2026-08-31,59,82,97,112,134
TECH_PHONE_007,2026-09-01,52,78,96,113,139
TECH_PHONE_007,2026-09-02,47,76,96,115,144
TECH_PHONE_007,2026-09-03,44,76,98,119,151
TECH_PHONE_007,2026-09-04,47,81,104,128,162
TECH_PHONE_007,2026-09-05,90,127,151,176,213
TECH_PHONE_007,2026-09-06,86,125,151,178,217
TECH_PHONE_007,2026-09-07,29,69,97,125,166
TECH_PHONE_007,2026-09-08,26,68,97,127,169
TECH_PHONE_007,2026-09-09,21,66,97,127,172
TECH_PHONE_007,2026-09-10,18,64,96,128,174
TECH_PHONE_007,2026-09-11,17,66,99,132,180
TECH_PHONE_008,2026-08-29,117,129,137,144,156
TECH_PHONE_008,2026-08-30,109,125,137,148,164
TECH_PHONE_008,2026-08-31,51,71,85,99,119
TECH_PHONE_008,2026-09-01,48,72,88,104,127
TECH_PHONE_008,2026-09-02,44,70,88,105,131
TECH_PHONE_008,2026-09-03,40,69,88,108,137
TECH_PHONE_008,2026-09-04,44,75,96,117,148
TECH_PHONE_008,2026-09-05,81,114,137,159,192
TECH_PHONE_008,2026-09-06,78,113,137,160,195
TECH_PHONE_008,2026-09-07,25,62,87,113,149
TECH_PHONE_008,2026-09-08,23,62,88,114,153
TECH_PHONE_008,2026-09-09,20,61,88,116,156
TECH_PHONE_008,2026-09-10,16,58,87,116,158
TECH_PHONE_008,2026-09-11,15,59,89,119,162
TECH_PHONE_009,2026-08-29,110,121,128,136,147
TECH_PHONE_009,2026-08-30,102,118,128,139,155
TECH_PHONE_009,2026-08-31,50,70,83,96,115
TECH_PHONE_009,2026-09-01,46,68,83,98,120
TECH_PHONE_009,2026-09-02,42,67,83,100,125
TECH_PHONE_009,2026-09-03,39,66,85,103,130
TECH_PHONE_009,2026-09-04,42,71,91,111,140
TECH_PHONE_009,2026-09-05,76,107,128,150,181
TECH_PHONE_009,2026-09-06,73,106,128,151,184
TECH_PHONE_009,2026-09-07,23,57,81,105,140
TECH_PHONE_009,2026-09-08,21,58,83,108,144
TECH_PHONE_009,2026-09-09,17,56,82,108,146
TECH_PHONE_009,2026-09-10,16,56,83,110,150
TECH_PHONE_009,2026-09-11,17,58,87,115,156
TECH_PHONE_010,2026-08-29,117,129,137,145,156
TECH_PHONE_010,2026-08-30,109,125,137,148,164
TECH_PHONE_010,2026-08-31,54,75,89,102,123
TECH_PHONE_010,2026-09-01,49,73,88,104,128
TECH_PHONE_010,2026-09-02,45,71,89,107,133
TECH_PHONE_010,2026-09-03,40,69,88,108,136
TECH_PHONE_010,2026-09-04,36,66,88,109,140
TECH_PHONE_010,2026-09-05,81,114,137,159,192
TECH_PHONE_010,2026-09-06,77,113,137,160,196
TECH_PHONE_010,2026-09-07,29,66,92,117,154
TECH_PHONE_010,2026-09-08,24,62,89,115,154
TECH_PHONE_010,2026-09-09,21,61,89,117,157
TECH_PHONE_010,2026-09-10,18,60,89,118,160
TECH_PHONE_010,2026-09-11,15,59,89,119,163
TECH_PHONE_011,2026-08-29,61,68,72,77,83
TECH_PHONE_011,2026-08-30,56,66,72,79,88
TECH_PHONE_011,2026-08-31,33,44,52,60,71
TECH_PHONE_011,2026-09-01,30,43,52,61,74
TECH_PHONE_011,2026-09-02,27,42,52,62,77
TECH_PHONE_011,2026-09-03,24,40,52,63,79
TECH_PHONE_011,2026-09-04,26,43,55,67,85
TECH_PHONE_011,2026-09-05,41,59,72,85,104
TECH_PHONE_011,2026-09-06,39,59,72,86,106
TECH_PHONE_011,2026-09-07,17,38,52,67,88
TECH_PHONE_011,2026-09-08,16,38,53,68,90
TECH_PHONE_011,2026-09-09,14,37,53,69,92
TECH_PHONE_011,2026-09-10,12,36,53,69,93
TECH_PHONE_011,2026-09-11,12,37,54,71,96
TECH_PHONE_012,2026-08-29,88,97,104,110,119
TECH_PHONE_012,2026-08-30,82,95,104,113,125
TECH_PHONE_012,2026-08-31,45,61,72,82,98
TECH_PHONE_012,2026-09-01,40,58,71,83,101
TECH_PHONE_012,2026-09-02,36,56,70,84,105
TECH_PHONE_012,2026-09-03,32,54,70,85,107
TECH_PHONE_012,2026-09-04,28,52,69,85,109
TECH_PHONE_012,2026-09-05,60,86,104,121,147
TECH_PHONE_012,2026-09-06,58,85,104,122,150
TECH_PHONE_012,2026-09-07,22,51,71,91,119
TECH_PHONE_012,2026-09-08,19,50,70,91,121
TECH_PHONE_012,2026-09-09,17,48,70,92,123
TECH_PHONE_012,2026-09-10,15,47,70,92,125
TECH_PHONE_012,2026-09-11,15,49,72,96,130
TECH_PHONE_013,2026-08-29,107,117,125,132,143
TECH_PHONE_013,2026-08-30,99,114,125,135,150
TECH_PHONE_013,2026-08-31,54,72,85,98,116
TECH_PHONE_013,2026-09-01,46,68,82,97,118
TECH_PHONE_013,2026-09-02,41,65,81,98,122
TECH_PHONE_013,2026-09-03,37,63,81,99,126
TECH_PHONE_013,2026-09-04,35,63,82,102,130
TECH_PHONE_013,2026-09-05,74,104,125,145,176
TECH_PHONE_013,2026-09-06,70,103,125,147,179
TECH_PHONE_013,2026-09-07,23,57,81,104,138
TECH_PHONE_013,2026-09-08,21,57,81,106,141
TECH_PHONE_013,2026-09-09,18,55,81,106,143
TECH_PHONE_013,2026-09-10,16,54,81,107,146
TECH_PHONE_013,2026-09-11,16,56,83,111,151
TECH_PHONE_014,2026-08-29,133,147,155,164,177
TECH_PHONE_014,2026-08-30,124,143,155,168,186
TECH_PHONE_014,2026-08-31,58,81,96,112,134
TECH_PHONE_014,2026-09-01,53,79,97,115,141
TECH_PHONE_014,2026-09-02,49,78,98,118,147
TECH_PHONE_014,2026-09-03,42,74,96,118,149
TECH_PHONE_014,2026-09-04,43,77,101,124,159
TECH_PHONE_014,2026-09-05,93,130,155,181,218
TECH_PHONE_014,2026-09-06,90,129,155,182,221
TECH_PHONE_014,2026-09-07,29,70,98,126,168
TECH_PHONE_014,2026-09-08,26,69,99,128,172
TECH_PHONE_014,2026-09-09,23,68,99,130,175
TECH_PHONE_014,2026-09-10,19,66,98,131,178
TECH_PHONE_014,2026-09-11,16,65,98,132,180
TECH_PHONE_015,2026-08-29,137,150,160,169,182
TECH_PHONE_015,2026-08-30,128,147,160,172,191
TECH_PHONE_015,2026-08-31,60,83,99,114,138
TECH_PHONE_015,2026-09-01,56,83,101,120,146
TECH_PHONE_015,2026-09-02,50,80,100,121,151
TECH_PHONE_015,2026-09-03,45,78,100,123,156
TECH_PHONE_015,2026-09-04,43,78,102,127,162
TECH_PHONE_015,2026-09-05,96,134,160,185,223
TECH_PHONE_015,2026-09-06,92,132,160,187,227
TECH_PHONE_015,2026-09-07,29,71,100,129,172
TECH_PHONE_015,2026-09-08,26,70,101,131,176
TECH_PHONE_015,2026-09-09,22,68,100,132,178
TECH_PHONE_015,2026-09-10,19,67,100,133,182
TECH_PHONE_015,2026-09-11,17,67,102,136,186
TECH_PHONE_016,2026-08-29,64,71,75,80,87
TECH_PHONE_016,2026-08-30,59,69,75,82,92
TECH_PHONE_016,2026-08-31,35,47,55,63,75
TECH_PHONE_016,2026-09-01,31,45,54,63,77
TECH_PHONE_016,2026-09-02,28,43,54,64,80
TECH_PHONE_016,2026-09-03,25,41,53,64,81
TECH_PHONE_016,2026-09-04,23,41,54,66,84
TECH_PHONE_016,2026-09-05,43,62,75,89,108
TECH_PHONE_016,2026-09-06,41,61,75,89,110
TECH_PHONE_016,2026-09-07,17,39,54,69,90
TECH_PHONE_016,2026-09-08,16,39,54,70,92
TECH_PHONE_016,2026-09-09,14,38,54,70,94
TECH_PHONE_016,2026-09-10,12,37,54,71,96
TECH_PHONE_016,2026-09-11,11,37,54,72,97
TECH_PHONE_017,2026-08-29,84,93,99,105,114
TECH_PHONE_017,2026-08-30,78,90,99,108,120
TECH_PHONE_017,2026-08-31,41,56,67,77,92
TECH_PHONE_017,2026-09-01,39,56,68,80,98
TECH_PHONE_017,2026-09-02,34,54,68,81,101
TECH_PHONE_017,2026-09-03,32,54,69,84,105
TECH_PHONE_017,2026-09-04,32,55,71,87,111
TECH_PHONE_017,2026-09-05,57,82,99,116,141
TECH_PHONE_017,2026-09-06,54,81,99,117,144
TECH_PHONE_017,2026-09-07,21,49,68,87,115
TECH_PHONE_017,2026-09-08,19,49,69,89,118
TECH_PHONE_017,2026-09-09,17,48,68,89,120
TECH_PHONE_017,2026-09-10,14,46,68,89,121
TECH_PHONE_017,2026-09-11,16,49,72,95,128
TECH_PHONE_018,2026-08-29,107,118,126,133,144
TECH_PHONE_018,2026-08-30,100,115,126,136,152
TECH_PHONE_018,2026-08-31,51,70,83,96,115
TECH_PHONE_018,2026-09-01,48,70,85,100,122
TECH_PHONE_018,2026-09-02,43,68,84,101,125
TECH_PHONE_018,2026-09-03,39,66,84,102,129
TECH_PHONE_018,2026-09-04,35,64,84,104,133
TECH_PHONE_018,2026-09-05,74,105,126,147,178
TECH_PHONE_018,2026-09-06,71,103,126,148,181
TECH_PHONE_018,2026-09-07,25,59,83,106,141
TECH_PHONE_018,2026-09-08,24,60,85,110,146
TECH_PHONE_018,2026-09-09,20,58,84,110,147
TECH_PHONE_018,2026-09-10,17,57,84,111,150
TECH_PHONE_018,2026-09-11,14,55,83,111,152
TECH_PHONE_019,2026-08-29,106,117,124,132,142
TECH_PHONE_019,2026-08-30,99,114,124,135,150
TECH_PHONE_019,2026-08-31,50,69,81,94,112
TECH_PHONE_019,2026-09-01,45,67,81,96,117
TECH_PHONE_019,2026-09-02,41,64,81,97,121
TECH_PHONE_019,2026-09-03,37,63,81,98,124
TECH_PHONE_019,2026-09-04,33,61,80,100,128
TECH_PHONE_019,2026-09-05,74,104,124,145,175
TECH_PHONE_019,2026-09-06,71,102,124,146,178
TECH_PHONE_019,2026-09-07,25,59,82,105,139
TECH_PHONE_019,2026-09-08,21,57,81,105,140
TECH_PHONE_019,2026-09-09,19,56,81,106,143
TECH_PHONE_019,2026-09-10,17,55,81,108,146
TECH_PHONE_019,2026-09-11,13,52,80,107,147
TECH_PHONE_020,2026-08-29,109,120,128,135,146
TECH_PHONE_020,2026-08-30,101,117,128,138,154
TECH_PHONE_020,2026-08-31,50,69,83,96,115
TECH_PHONE_020,2026-09-01,47,69,84,99,121
TECH_PHONE_020,2026-09-02,42,67,84,101,125
TECH_PHONE_020,2026-09-03,37,64,83,101,128
TECH_PHONE_020,2026-09-04,36,65,85,105,134
TECH_PHONE_020,2026-09-05,75,106,128,149,180
TECH_PHONE_020,2026-09-06,72,105,128,150,183
TECH_PHONE_020,2026-09-07,27,61,85,109,144
TECH_PHONE_020,2026-09-08,24,61,86,111,147
TECH_PHONE_020,2026-09-09,20,58,84,110,148
TECH_PHONE_020,2026-09-10,17,57,84,111,151
TECH_PHONE_020,2026-09-11,18,59,87,116,157
TECH_PHONE_021,2026-08-29,86,95,101,107,116
TECH_PHONE_021,2026-08-30,80,92,101,109,122
TECH_PHONE_021,2026-08-31,43,58,69,79,95
TECH_PHONE_021,2026-09-01,38,56,68,80,98
TECH_PHONE_021,2026-09-02,34,54,67,81,101
TECH_PHONE_021,2026-09-03,31,53,68,83,105
TECH_PHONE_021,2026-09-04,29,52,68,84,108
TECH_PHONE_021,2026-09-05,58,83,101,118,143
TECH_PHONE_021,2026-09-06,56,82,101,119,145
TECH_PHONE_021,2026-09-07,23,51,70,89,117
TECH_PHONE_021,2026-09-08,20,49,69,89,119
TECH_PHONE_021,2026-09-09,16,47,68,89,120
TECH_PHONE_021,2026-09-10,15,47,69,91,123
TECH_PHONE_021,2026-09-11,13,46,68,91,124
TECH_PHONE_022,2026-08-29,131,144,153,162,175
TECH_PHONE_022,2026-08-30,121,140,153,166,184
TECH_PHONE_022,2026-08-31,61,84,99,115,138
TECH_PHONE_022,2026-09-01,55,82,100,118,144
TECH_PHONE_022,2026-09-02,50,79,99,120,149
TECH_PHONE_022,2026-09-03,46,79,101,123,155
TECH_PHONE_022,2026-09-04,48,83,107,131,166
TECH_PHONE_022,2026-09-05,90,127,153,178,216
TECH_PHONE_022,2026-09-06,86,126,153,180,220
TECH_PHONE_022,2026-09-07,29,71,100,128,170
TECH_PHONE_022,2026-09-08,27,70,100,130,174
TECH_PHONE_022,2026-09-09,23,69,100,131,177
TECH_PHONE_022,2026-09-10,19,67,100,132,180
TECH_PHONE_022,2026-09-11,22,71,105,139,188
TECH_PHONE_023,2026-08-29,61,68,72,77,83
TECH_PHONE_023,2026-08-30,57,66,72,79,88
TECH_PHONE_023,2026-08-31,32,44,51,59,71
TECH_PHONE_023,2026-09-01,29,43,52,61,74
TECH_PHONE_023,2026-09-02,27,42,52,62,77
TECH_PHONE_023,2026-09-03,25,41,52,63,79
TECH_PHONE_023,2026-09-04,24,41,53,65,83
TECH_PHONE_023,2026-09-05,41,60,72,85,104
TECH_PHONE_023,2026-09-06,39,59,72,86,106
TECH_PHONE_023,2026-09-07,17,38,52,66,87
TECH_PHONE_023,2026-09-08,15,37,52,67,89
TECH_PHONE_023,2026-09-09,13,36,52,67,90
TECH_PHONE_023,2026-09-10,12,36,52,68,92
TECH_PHONE_023,2026-09-11,11,36,53,69,94
TECH_PHONE_024,2026-08-29,98,108,115,122,132
TECH_PHONE_024,2026-08-30,91,105,115,125,139
TECH_PHONE_024,2026-08-31,47,65,77,89,106
TECH_PHONE_024,2026-09-01,43,64,77,91,111
TECH_PHONE_024,2026-09-02,39,62,77,93,115
TECH_PHONE_024,2026-09-03,36,61,78,95,119
TECH_PHONE_024,2026-09-04,34,61,79,97,124
TECH_PHONE_024,2026-09-05,67,96,115,134,163
TECH_PHONE_024,2026-09-06,64,94,115,136,166
TECH_PHONE_024,2026-09-07,23,55,77,98,130
TECH_PHONE_024,2026-09-08,22,56,79,101,135
TECH_PHONE_024,2026-09-09,18,53,77,101,136
TECH_PHONE_024,2026-09-10,16,52,77,101,138
TECH_PHONE_024,2026-09-11,14,52,78,104,141
TECH_PHONE_025,2026-08-29,87,96,102,108,117
TECH_PHONE_025,2026-08-30,80,93,102,111,123
TECH_PHONE_025,2026-08-31,45,60,71,82,97
TECH_PHONE_025,2026-09-01,39,57,70,82,100
TECH_PHONE_025,2026-09-02,36,56,70,84,104
TECH_PHONE_025,2026-09-03,32,54,69,84,106
TECH_PHONE_025,2026-09-04,29,53,69,86,110
TECH_PHONE_025,2026-09-05,59,84,102,119,145
TECH_PHONE_025,2026-09-06,56,83,102,120,147
TECH_PHONE_025,2026-09-07,22,51,71,90,119
TECH_PHONE_025,2026-09-08,19,49,69,90,120
TECH_PHONE_025,2026-09-09,17,48,70,91,122
TECH_PHONE_025,2026-09-10,15,47,70,92,124
TECH_PHONE_025,2026-09-11,16,50,73,96,130
TECH_PHONE_026,2026-08-29,83,91,97,103,111
TECH_PHONE_026,2026-08-30,77,89,97,105,117
TECH_PHONE_026,2026-08-31,40,54,65,75,89
TECH_PHONE_026,2026-09-01,37,54,66,77,94
TECH_PHONE_026,2026-09-02,32,51,64,77,96
TECH_PHONE_026,2026-09-03,30,51,65,79,100
TECH_PHONE_026,2026-09-04,30,52,68,83,105
TECH_PHONE_026,2026-09-05,56,80,97,113,137
TECH_PHONE_026,2026-09-06,54,79,97,114,140
TECH_PHONE_026,2026-09-07,19,45,64,82,109
TECH_PHONE_026,2026-09-08,19,47,66,85,113
TECH_PHONE_026,2026-09-09,16,45,65,86,115
TECH_PHONE_026,2026-09-10,14,44,65,86,117
TECH_PHONE_026,2026-09-11,12,44,66,87,119
TECH_PHONE_027,2026-08-29,112,123,131,138,150
TECH_PHONE_027,2026-08-30,104,120,131,142,158
TECH_PHONE_027,2026-08-31,54,73,87,100,120
TECH_PHONE_027,2026-09-01,49,71,87,102,125
TECH_PHONE_027,2026-09-02,43,68,86,103,128
TECH_PHONE_027,2026-09-03,39,67,86,105,133
TECH_PHONE_027,2026-09-04,37,67,87,108,138
TECH_PHONE_027,2026-09-05,77,109,131,153,185
TECH_PHONE_027,2026-09-06,73,107,131,154,188
TECH_PHONE_027,2026-09-07,28,64,88,113,148
TECH_PHONE_027,2026-09-08,23,60,86,112,149
TECH_PHONE_027,2026-09-09,20,59,86,112,152
TECH_PHONE_027,2026-09-10,18,59,87,115,156
TECH_PHONE_027,2026-09-11,17,59,88,117,159
TECH_PHONE_028,2026-08-29,72,79,85,90,97
TECH_PHONE_028,2026-08-30,66,77,85,92,103
TECH_PHONE_028,2026-08-31,39,52,61,70,83
TECH_PHONE_028,2026-09-01,34,49,60,70,85
TECH_PHONE_028,2026-09-02,31,48,60,71,88
TECH_PHONE_028,2026-09-03,29,48,60,73,92
TECH_PHONE_028,2026-09-04,26,46,60,74,94
TECH_PHONE_028,2026-09-05,48,70,85,99,121
TECH_PHONE_028,2026-09-06,46,69,85,100,123
TECH_PHONE_028,2026-09-07,19,44,60,77,101
TECH_PHONE_028,2026-09-08,17,42,60,77,102
TECH_PHONE_028,2026-09-09,16,42,60,78,105
TECH_PHONE_028,2026-09-10,13,41,59,78,106
TECH_PHONE_028,2026-09-11,12,41,60,80,108
TECH_PHONE_029,2026-08-29,69,76,81,86,93
TECH_PHONE_029,2026-08-30,64,74,81,88,98
TECH_PHONE_029,2026-08-31,34,47,55,64,76
TECH_PHONE_029,2026-09-01,32,46,56,66,81
TECH_PHONE_029,2026-09-02,29,46,57,68,84
TECH_PHONE_029,2026-09-03,27,45,57,69,87
TECH_PHONE_029,2026-09-04,25,44,57,70,90
TECH_PHONE_029,2026-09-05,47,67,81,95,116
TECH_PHONE_029,2026-09-06,44,66,81,96,118
TECH_PHONE_029,2026-09-07,18,41,57,73,96
TECH_PHONE_029,2026-09-08,16,40,57,73,97
TECH_PHONE_029,2026-09-09,14,39,57,74,99
TECH_PHONE_029,2026-09-10,13,39,57,74,101
TECH_PHONE_029,2026-09-11,11,38,57,75,102
TECH_PHONE_030,2026-08-29,112,123,131,138,150
TECH_PHONE_030,2026-08-30,104,120,131,142,158
TECH_PHONE_030,2026-08-31,54,74,87,101,121
TECH_PHONE_030,2026-09-01,48,71,87,102,125
TECH_PHONE_030,2026-09-02,44,70,87,105,130
TECH_PHONE_030,2026-09-03,39,67,86,105,133
TECH_PHONE_030,2026-09-04,36,66,86,107,137
TECH_PHONE_030,2026-09-05,76,109,131,153,185
TECH_PHONE_030,2026-09-06,73,107,131,154,188
TECH_PHONE_030,2026-09-07,27,63,88,112,148
TECH_PHONE_030,2026-09-08,24,61,87,113,151
TECH_PHONE_030,2026-09-09,21,60,87,114,153
TECH_PHONE_030,2026-09-10,19,61,89,117,158
TECH_PHONE_030,2026-09-11,19,61,90,120,162
